kind	id	version	sha256	local_audit_path	release_path	public_locator	state	corpus_id	arm_id	system_id	note
source_table	py	2026-09-09	9ae7cb3e4fb6200b614a6e51e1138d5094c1d1c9bb4e429fe808adcff514b8b3	noodlbox-wiki/strategy/projects/tokens-to-gold-benchmark/artifacts/V2_A1_GRAPHIFY_PY_NOSPHINX_TABLE_2026-09-09.md	source-tables/V2_A1_GRAPHIFY_PY_NOSPHINX_TABLE_2026-09-09.md	-	verified	py_nosphinx	-	-	Frozen denominator-corrected numeric source
source_table	ts	2026-09-09	7b82fd99601966cd6cc284a7ef66e50a26afcad57d754eed2a6756c113d22782	noodlbox-wiki/strategy/projects/tokens-to-gold-benchmark/artifacts/V2_A1_GRAPHIFY_ts40_TABLE_2026-09-09.md	source-tables/V2_A1_GRAPHIFY_ts40_TABLE_2026-09-09.md	-	verified	ts40	-	-	Frozen denominator-corrected numeric source
source_table	go	2026-09-09	b3e2bcdce55660d55a831a71919199db292e4d1a08dc2133a9a2f184829bcf0c	noodlbox-wiki/strategy/projects/tokens-to-gold-benchmark/artifacts/V2_A1_GRAPHIFY_go34_TABLE_2026-09-09.md	source-tables/V2_A1_GRAPHIFY_go34_TABLE_2026-09-09.md	-	verified	go34	-	-	Frozen denominator-corrected numeric source
source_table	rust	2026-09-09	95b3620f903a8f6ca905c14d871bf945b4d41570f85c48f2d9786c2446c5910a	noodlbox-wiki/strategy/projects/tokens-to-gold-benchmark/artifacts/V2_A1_GRAPHIFY_rust43_TABLE_2026-09-09.md	source-tables/V2_A1_GRAPHIFY_rust43_TABLE_2026-09-09.md	-	verified	rust43	-	-	Frozen denominator-corrected numeric source; SWE-bench Multilingual test split
preregistration	v2	2026-09-08	02a4948c9bd3e27a4c8ef2a41c497861f6dc23e357a6cf8deea5202803d5d752	noodlbox-wiki/strategy/projects/tokens-to-gold-benchmark/artifacts/V2_PREREG_2026-09-08.md	protocol/V2_PREREG_2026-09-08.md	-	verified	-	-	-	Pre-number protocol; paired uncertainty gate remains open
doctrine	benchmark-map	2026-09-09	ff5da54f1708e6bc73e26924e62dac2e27a04a5fc8cea0608b7d69b3844b4223	noodlbox-wiki/strategy/competition/EVALUATION_BENCHMARK_MAP.md	protocol/EVALUATION_BENCHMARK_MAP.md	-	verified	-	-	-	Artifact contract and must-remain-separate doctrine
doctrine	claims-language	2026-08-19	8d6ca1f3fa4ec8320a0a0f8956c6293e381c3672df09ba3fa570cd1ff36fd760	noodlbox-wiki/strategy/projects/agent-work-packet/campaign/retrieval/artifacts/m23-p4-2026-08/S7_CLAIMS_LANGUAGE_MEMO_LOCKED_2026-08-19.md	protocol/S7_CLAIMS_LANGUAGE_MEMO_LOCKED_2026-08-19.md	-	verified	-	-	-	Per-language bounded public claims language
corpus	py_nosphinx	SWE-bench-Lite	415eee3dfe11d5c4d37d5ad780027067af5acef83b2397f168b7cdabe92b8b8e	noodlbox-wiki/strategy/projects/tokens-to-gold-benchmark/corpora/py_nosphinx.jsonl	corpora/py_nosphinx.jsonl	-	verified	py_nosphinx	-	-	Forty instances; frozen-gold N is 39
corpus	ts40	DataCurve-DeepSWE	64a5a12d5cdd3cff9f1b1784962132d57e44d0eb03118c160fc3fa112454618b	noodlbox-wiki/strategy/projects/tokens-to-gold-benchmark/corpora/ts40.jsonl	corpora/ts40.jsonl	-	verified	ts40	-	-	Forty TypeScript or JavaScript instances; frozen-gold N is 37
corpus	go34	DataCurve-DeepSWE	3f221ceed33cd0b34cf1f71acc47e51424090b36aae62be2f2e5b89e90d2b54d	noodlbox-wiki/strategy/projects/tokens-to-gold-benchmark/corpora/go34.jsonl	corpora/go34.jsonl	-	verified	go34	-	-	Thirty-four Go instances; frozen-gold N is 30
corpus	rust43	SWE-bench-Multilingual-test	32661b0c77aff0e5cdbad9e82c21be6a0ef493a7945a0923174629fc8f36ce03	noodlbox-wiki/strategy/projects/tokens-to-gold-benchmark/corpora/rust43.jsonl	corpora/rust43.jsonl	-	verified	rust43	-	-	Forty-three Rust instances; floor and nbx frozen-gold N is 40
frozen_gold	py_nosphinx	ggv=4	05033580302881b919729bdbd9b485c2b89e0531bd338f3e19acedbcebe67736	tokens-to-gold/gold/frozen_gold_py_nosphinx.json	gold/frozen_gold_py_nosphinx.json	-	verified	py_nosphinx	-	-	Reference-patch proxy and binding instance-ID set
frozen_gold	ts40	ggv=4	fcc09bd98d5e648be1c46803b72140b233599ef91e2dd945ba4b52e72d02a0e3	tokens-to-gold/gold/frozen_gold_ts40.json	gold/frozen_gold_ts40.json	-	verified	ts40	-	-	Reference-patch proxy and binding instance-ID set
frozen_gold	go34	ggv=4	bf8de741a03597d5db62b5c0dceee901799a12188fbae6b9253e9b094d422a8e	tokens-to-gold/gold/frozen_gold_go34.json	gold/frozen_gold_go34.json	-	verified	go34	-	-	Reference-patch proxy and binding instance-ID set
frozen_gold	rust43	ggv=4	7b45f6abbd8f3700fabfac37c292a91e523fae940588b44fb6565768fcb239fe	tokens-to-gold/gold/frozen_gold_rust43.json	gold/frozen_gold_rust43.json	-	verified	rust43	-	-	Reference-patch proxy and binding instance-ID set
producer	noodl-eval-native-floor	git:3723be44085ab470bad55241853276f85568291e	d02270de07b1f0d786ef49c80e71848fe57df4109a06eb5a3804cb8b68f66151	-	-	-	identity-only	-	native_floor	native	Lease-built binary identity
producer	noodl-eval-nbx-shipped	git:3723be44085ab470bad55241853276f85568291e	d02270de07b1f0d786ef49c80e71848fe57df4109a06eb5a3804cb8b68f66151	-	-	-	identity-only	-	nbx_shipped	nbx	Same lease-built binary; shipped default
producer	graphifyy-0.9.28	graphifyy==0.9.28	-	-	-	-	declared-only	-	-	graphify	Wheel and transitive dependency hashes were not captured
tokenizer	o200k_base	o200k_base	-	-	-	-	declared-only	-	-	-	One tokenizer for every ttg_wire value
run_header	py-run	2026-09-09	dcfd31dc8a622c5ae47ad6047bc741642a81c45d8def2b4c1093c86bbb748c51	tokens-to-gold/runs/recert-2026-09/v2-gfy-py-0909b/out/provenance_header.txt	run-headers/py-provenance_header.txt	-	verified	py_nosphinx	-	-	Python run provenance header
run_header	tgr-run	2026-09-09	d879c58b337f00f1d85923021d9e9f27bc9d663f49dcffb706c8821791329ce1	tokens-to-gold/runs/recert-2026-09/v2-gfy-tgr-0909/out/provenance_header.txt	run-headers/tgr-provenance_header.txt	-	verified	-	-	-	TypeScript Go and Rust run provenance header
corpus_manifest	py_nosphinx	2026-09-09	c47c62c0f094f7306bcc9d2e0ec4392a7f68a3df3420a5d79a01baca13a01df8	tokens-to-gold/runs/recert-2026-09/v2-gfy-py-0909b/out/py_nosphinx.manifest.jsonl	corpus-manifests/py_nosphinx.manifest.jsonl	-	verified	py_nosphinx	-	-	Per-instance repository and base-commit identities
corpus_manifest	ts40	2026-09-09	898604e399242c01629aded14a0aa670a4d5aab45a9995ed1d8896c4f70b0995	tokens-to-gold/runs/recert-2026-09/v2-gfy-tgr-0909/out/ts40.manifest.jsonl	corpus-manifests/ts40.manifest.jsonl	-	verified	ts40	-	-	Per-instance repository and base-commit identities
corpus_manifest	go34	2026-09-09	4717a04ac9b72a2704ef1f6190d892f176856b4daec1d6aa8c13d293730f3d30	tokens-to-gold/runs/recert-2026-09/v2-gfy-tgr-0909/out/go34.manifest.jsonl	corpus-manifests/go34.manifest.jsonl	-	verified	go34	-	-	Per-instance repository and base-commit identities
corpus_manifest	rust43	2026-09-09	0fbe0729ebb5d4e0f4d04435d2a6625a41c3958b9a38a8e7b61d2795755f321a	tokens-to-gold/runs/recert-2026-09/v2-gfy-tgr-0909/out/rust43.manifest.jsonl	corpus-manifests/rust43.manifest.jsonl	-	verified	rust43	-	-	Per-instance repository and base-commit identities
report	py-native-floor	2026-09-09	922641508b1caf4b7fbbb7c3c0a439c0605c8cbea4e953678660580bbacf3855	tokens-to-gold/runs/recert-2026-09/v2-gfy-py-0909b/run/reports/native_floor_py_nosphinx.json	reports/native_floor_py_nosphinx.json	-	verified	py_nosphinx	native_floor	native	Per-instance rows; raw aggregate fields are not numeric authority
report	py-nbx-shipped	2026-09-09	0463d080ab9656a1a8e47fbf6e1ef6ee7981e3845523460f1e6fc1764fb19b2a	tokens-to-gold/runs/recert-2026-09/v2-gfy-py-0909b/run/reports/shipped_treatment_py_nosphinx.json	reports/shipped_treatment_py_nosphinx.json	-	verified	py_nosphinx	nbx_shipped	nbx	Per-instance rows; raw aggregate fields are not numeric authority
report	py-graphify-32k	2026-09-09	c8d99fee8ce5c5bb298c1c0dcf381c617096284dce3e70afa3b0c05e5d9233f8	tokens-to-gold/runs/recert-2026-09/v2-gfy-py-0909b/run/reports/graphify_py_nosphinx_32k.json	reports/graphify_py_nosphinx_32k.json	-	verified	py_nosphinx	graphify_32k	graphify	Per-instance Graphify results
report	py-graphify-2k	2026-09-09	81dfa96974bb797efbc88b4089181717d146fd874e237118fe4efa10aaabf6a1	tokens-to-gold/runs/recert-2026-09/v2-gfy-py-0909b/run/reports/graphify_py_nosphinx_2k.json	reports/graphify_py_nosphinx_2k.json	-	verified	py_nosphinx	graphify_default	graphify	Per-instance Graphify results
report	ts-native-floor	2026-09-09	ef53786171843f2636be40a58e17cc6f4f98f37a469a6ac2e2685f0e56d82bfa	tokens-to-gold/runs/recert-2026-09/v2-gfy-tgr-0909/run/reports/native_floor_ts40.json	reports/native_floor_ts40.json	-	verified	ts40	native_floor	native	Per-instance rows; raw aggregate fields are not numeric authority
report	ts-nbx-shipped	2026-09-09	70e477e07b6fb75ef30480fb00b5a31502ada12eeaecdbb398f6739e9a2678e4	tokens-to-gold/runs/recert-2026-09/v2-gfy-tgr-0909/run/reports/shipped_treatment_ts40.json	reports/shipped_treatment_ts40.json	-	verified	ts40	nbx_shipped	nbx	Per-instance rows; raw aggregate fields are not numeric authority
report	ts-graphify-32k	2026-09-09	5ada7288ec0084f98b7eb2e6600cb1414fec866f829b5a959a387410548806e7	tokens-to-gold/runs/recert-2026-09/v2-gfy-tgr-0909/run/reports/graphify_ts40_32k.json	reports/graphify_ts40_32k.json	-	verified	ts40	graphify_32k	graphify	Per-instance Graphify results
report	ts-graphify-2k	2026-09-09	8d68d1d448c3f9b66087b7f84967e9ebf3888d362f0921068370c20d01dba386	tokens-to-gold/runs/recert-2026-09/v2-gfy-tgr-0909/run/reports/graphify_ts40_2k.json	reports/graphify_ts40_2k.json	-	verified	ts40	graphify_default	graphify	Per-instance Graphify results
report	go-native-floor	2026-09-09	ba0abf2286bd3be057083b6d15b86e790540ee1caab5ac2a4b919f1d59ba9827	tokens-to-gold/runs/recert-2026-09/v2-gfy-tgr-0909/run/reports/native_floor_go34.json	reports/native_floor_go34.json	-	verified	go34	native_floor	native	Per-instance rows; raw aggregate fields are not numeric authority
report	go-nbx-shipped	2026-09-09	748cfd4d02fece6ab6791f026d9a5d49ce5d3d81769a3e929475e3ebb0061331	tokens-to-gold/runs/recert-2026-09/v2-gfy-tgr-0909/run/reports/shipped_treatment_go34.json	reports/shipped_treatment_go34.json	-	verified	go34	nbx_shipped	nbx	Per-instance rows; raw aggregate fields are not numeric authority
report	go-graphify-32k	2026-09-09	f695a6c32e497c032bf00c432b957d7d1a17d8bed17497b27c0133dd43ef6008	tokens-to-gold/runs/recert-2026-09/v2-gfy-tgr-0909/run/reports/graphify_go34_32k.json	reports/graphify_go34_32k.json	-	verified	go34	graphify_32k	graphify	Per-instance Graphify results
report	go-graphify-2k	2026-09-09	16938082c784dabf2f65022c6cc56314eb37bf1b1e6b016b45c8ce6bfebd8ef6	tokens-to-gold/runs/recert-2026-09/v2-gfy-tgr-0909/run/reports/graphify_go34_2k.json	reports/graphify_go34_2k.json	-	verified	go34	graphify_default	graphify	Per-instance Graphify results
report	rust-native-floor	2026-09-09	e9cec0819e15ca28897e2f51af37ade5e3e25b78efb0e48b947831fdfba06a28	tokens-to-gold/runs/recert-2026-09/v2-gfy-tgr-0909/run/reports/native_floor_rust43.json	reports/native_floor_rust43.json	-	verified	rust43	native_floor	native	Per-instance rows over frozen N40
report	rust-nbx-shipped	2026-09-09	a851dd9843fd5abf80ff2b0f2d184940ef9db3d4898fb04ef7409b9a763719b4	tokens-to-gold/runs/recert-2026-09/v2-gfy-tgr-0909/run/reports/shipped_treatment_rust43.json	reports/shipped_treatment_rust43.json	-	verified	rust43	nbx_shipped	nbx	Per-instance rows over frozen N40
report	rust-graphify-32k	2026-09-09	3242a8cebdc49441860307682072eddabf862be7d077b4d9a0f1dc7696495ea5	tokens-to-gold/runs/recert-2026-09/v2-gfy-tgr-0909/run/reports/graphify_rust43_32k.json	reports/graphify_rust43_32k.json	-	verified	rust43	graphify_32k	graphify	Nonmatched N34 failure subset
report	rust-graphify-2k	2026-09-09	c1037440067ce1b461cedf13f81ce2ce1c9df2712b6fa7288bbc702d27309f72	tokens-to-gold/runs/recert-2026-09/v2-gfy-tgr-0909/run/reports/graphify_rust43_2k.json	reports/graphify_rust43_2k.json	-	verified	rust43	graphify_default	graphify	Nonmatched N34 failure subset
report_manifest	py-native-floor-manifest	2026-09-09	06c3dacce4749c51666e765b2479364c600128a4b7cb08511fa54902d8363528	tokens-to-gold/runs/recert-2026-09/v2-gfy-py-0909b/run/reports/native_floor_py_nosphinx.manifest.txt	report-manifests/native_floor_py_nosphinx.manifest.txt	-	verified	py_nosphinx	native_floor	native	Exact command and binary identity
report_manifest	py-nbx-shipped-manifest	2026-09-09	4097bbbe29dbef322502bc998fdbc0e56364d9c26684cc61fd4b5fa8ab5bab6e	tokens-to-gold/runs/recert-2026-09/v2-gfy-py-0909b/run/reports/shipped_treatment_py_nosphinx.manifest.txt	report-manifests/shipped_treatment_py_nosphinx.manifest.txt	-	verified	py_nosphinx	nbx_shipped	nbx	Exact command and binary identity
report_manifest	ts-native-floor-manifest	2026-09-09	25d3086d3c4a81b4ae137dc3c171fa0a320a5144a9ffc0a0135178c9a2307aeb	tokens-to-gold/runs/recert-2026-09/v2-gfy-tgr-0909/run/reports/native_floor_ts40.manifest.txt	report-manifests/native_floor_ts40.manifest.txt	-	verified	ts40	native_floor	native	Exact command and binary identity
report_manifest	ts-nbx-shipped-manifest	2026-09-09	cd375b161c2294ed4a9cd62716b53ca85b08dc166534a333f6ec4c4f7b8a1a63	tokens-to-gold/runs/recert-2026-09/v2-gfy-tgr-0909/run/reports/shipped_treatment_ts40.manifest.txt	report-manifests/shipped_treatment_ts40.manifest.txt	-	verified	ts40	nbx_shipped	nbx	Exact command and binary identity
report_manifest	go-native-floor-manifest	2026-09-09	b9b3e5aa39416fb3b3ac1d79aa7ee60bf53d9ff97aa9496fd2252fc832912428	tokens-to-gold/runs/recert-2026-09/v2-gfy-tgr-0909/run/reports/native_floor_go34.manifest.txt	report-manifests/native_floor_go34.manifest.txt	-	verified	go34	native_floor	native	Exact command and binary identity
report_manifest	go-nbx-shipped-manifest	2026-09-09	a151bfa50eee94b6be6fff1c9a94d0ed82f3b9b29becf7b8d43a9fd412bcd4c5	tokens-to-gold/runs/recert-2026-09/v2-gfy-tgr-0909/run/reports/shipped_treatment_go34.manifest.txt	report-manifests/shipped_treatment_go34.manifest.txt	-	verified	go34	nbx_shipped	nbx	Exact command and binary identity
report_manifest	rust-native-floor-manifest	2026-09-09	ae7b2708a23b9150ea7d03c8c0a6840cfc89e06586d049d5c20f44610e0204f9	tokens-to-gold/runs/recert-2026-09/v2-gfy-tgr-0909/run/reports/native_floor_rust43.manifest.txt	report-manifests/native_floor_rust43.manifest.txt	-	verified	rust43	native_floor	native	Exact command and binary identity
report_manifest	rust-nbx-shipped-manifest	2026-09-09	005b86d28d4eb3a8ae16bf156add29a2f062c17b33a542d2d20f6664ad4ee6bf	tokens-to-gold/runs/recert-2026-09/v2-gfy-tgr-0909/run/reports/shipped_treatment_rust43.manifest.txt	report-manifests/shipped_treatment_rust43.manifest.txt	-	verified	rust43	nbx_shipped	nbx	Exact command and binary identity
